{
    "name": "Extruder",
    "version": 2,
    "metadata": {
        "type": "extruder",
        "author": "Ultimaker",
        "manufacturer": "Unknown",
        "setting_version": 1,
        "visible": false,
        "position": "0"
    },
    "settings": {
        "machine_settings": {
            "label": "Machine",
            "type": "category",
            "description": "Machine specific settings",
            "children": {
                "extruder_nr": {
                    "label": "Extruder",
                    "description": "The extruder train used for printing. This is used in multi-extrusion.",
                    "type": "extruder",
                    "default_value": "0",
                    "settable_per_mesh": true,
                    "settable_per_extruder": true,
                    "settable_per_meshgroup": false,
                    "settable_globally": false
                },
                "machine_nozzle_id": {
                    "label": "Nozzle ID",
                    "description": "The nozzle ID for an extruder train, such as \"AA 0.4\" and \"BB 0.8\".",
                    "type": "str",
                    "default_value": "unknown",
                    "settable_per_mesh": false,
                    "settable_per_extruder": true
                },
                "machine_nozzle_size": {
                    "label": "Nozzle Diameter",
                    "description": "The inner diameter of the nozzle. Change this setting when using a non-standard nozzle size.",
                    "unit": "mm",
                    "type": "float",
                    "default_value": 0.4,
                    "minimum_value": "0.001",
                    "maximum_value_warning": "10",
                    "settable_per_mesh": false,
                    "settable_per_extruder": true
                },
                "machine_fiber_extruder": {
                    "label": "Fiber Extruder",
                    "description": "If the extruder is able to print with continious fiber",
                    "type": "bool",
                    "default_value": false,
                    "settable_per_mesh": false,
                    "settable_per_extruder": true,
                    "settable_per_meshgroup": false,
                    "settable_globally": false
                },
                "machine_fiber_cut_distance": {
                    "label": "Fiber cut distance",
                    "description": "Length between end of the nozzle and fiber cutter",
                    "type": "float",
                    "unit": "mm",
                    "default_value": 0,
                    "settable_per_mesh": false,
                    "settable_per_extruder": true,
                    "settable_per_meshgroup": false,
                    "settable_globally": false
                },
                "machine_fiber_cut_min_distance": {
                    "label": "Fiber cut min distance",
                    "description": "Min distance of the extrusion path to perform fiber cutting",
                    "type": "float",
                    "unit": "mm",
                    "default_value": 0,
                    "settable_per_mesh": false,
                    "settable_per_extruder": true,
                    "settable_per_meshgroup": false,
                    "settable_globally": false
                },
                "machine_fiber_restart_length": {
                    "label": "Fiber restart length",
                    "description": "Length, which will be extruded before fiber printing starts",
                    "type": "float",
                    "unit": "mm",
                    "default_value": 0,
                    "settable_per_mesh": false,
                    "settable_per_extruder": true,
                    "settable_per_meshgroup": false,
                    "settable_globally": false
                },
                "machine_fiber_cut_code": {
                    "label": "Fiber Cut G-Code",
                    "description": "Fiber cut G-Code",
                    "type": "str",
                    "default_value": "",
                    "settable_per_mesh": false,
                    "settable_per_extruder": true,
                    "settable_per_meshgroup": false,
                    "settable_globally": false
                },
                "machine_fiber_prime_code": {
                    "label": "Fiber Prime G-Code",
                    "description": "Fiber Prime G-Code",
                    "type": "str",
                    "default_value": "",
                    "settable_per_mesh": false,
                    "settable_per_extruder": true,
                    "settable_per_meshgroup": false,
                    "settable_globally": false
                },
                "machine_nozzle_offset_x": {
                    "label": "Nozzle X Offset",
                    "description": "The x-coordinate of the offset of the nozzle.",
                    "type": "float",
                    "unit": "mm",
                    "default_value": 0,
                    "settable_per_mesh": false,
                    "settable_per_extruder": true,
                    "settable_per_meshgroup": false,
                    "settable_globally": false
                },
                "machine_nozzle_offset_y": {
                    "label": "Nozzle Y Offset",
                    "description": "The y-coordinate of the offset of the nozzle.",
                    "type": "float",
                    "unit": "mm",
                    "default_value": 0,
                    "settable_per_mesh": false,
                    "settable_per_extruder": true,
                    "settable_per_meshgroup": false,
                    "settable_globally": false
                },
                "machine_extruder_start_code": {
                    "label": "Extruder Start G-Code",
                    "description": "Start g-code to execute whenever turning the extruder on.",
                    "type": "str",
                    "default_value": "",
                    "settable_per_mesh": false,
                    "settable_per_extruder": true,
                    "settable_per_meshgroup": false,
                    "settable_globally": false
                },
                "machine_extruder_start_pos_abs": {
                    "label": "Extruder Start Position Absolute",
                    "description": "Make the extruder starting position absolute rather than relative to the last-known location of the head.",
                    "type": "bool",
                    "default_value": false,
                    "settable_per_mesh": false,
                    "settable_per_extruder": true,
                    "settable_per_meshgroup": false,
                    "settable_globally": false
                },
                "machine_extruder_start_pos_x": {
                    "label": "Extruder Start Position X",
                    "description": "The x-coordinate of the starting position when turning the extruder on.",
                    "type": "float",
                    "unit": "mm",
                    "default_value": 0,
                    "settable_per_mesh": false,
                    "settable_per_extruder": true,
                    "settable_per_meshgroup": false,
                    "settable_globally": false
                },
                "machine_extruder_start_pos_y": {
                    "label": "Extruder Start Position Y",
                    "description": "The y-coordinate of the starting position when turning the extruder on.",
                    "type": "float",
                    "unit": "mm",
                    "default_value": 0,
                    "settable_per_mesh": false,
                    "settable_per_extruder": true,
                    "settable_per_meshgroup": false,
                    "settable_globally": false
                },
                "machine_extruder_end_code": {
                    "label": "Extruder End G-Code",
                    "description": "End g-code to execute whenever turning the extruder off.",
                    "type": "str",
                    "default_value": "",
                    "settable_per_mesh": false,
                    "settable_per_extruder": true,
                    "settable_per_meshgroup": false,
                    "settable_globally": false
                },
                "machine_extruder_end_pos_abs": {
                    "label": "Extruder End Position Absolute",
                    "description": "Make the extruder ending position absolute rather than relative to the last-known location of the head.",
                    "type": "bool",
                    "default_value": false,
                    "settable_per_mesh": false,
                    "settable_per_extruder": true,
                    "settable_per_meshgroup": false,
                    "settable_globally": false
                },
                "machine_extruder_end_pos_x": {
                    "label": "Extruder End Position X",
                    "description": "The x-coordinate of the ending position when turning the extruder off.",
                    "type": "float",
                    "unit": "mm",
                    "default_value": 0,
                    "settable_per_mesh": false,
                    "settable_per_extruder": true,
                    "settable_per_meshgroup": false,
                    "settable_globally": false
                },
                "machine_extruder_end_pos_y": {
                    "label": "Extruder End Position Y",
                    "description": "The y-coordinate of the ending position when turning the extruder off.",
                    "type": "float",
                    "unit": "mm",
                    "default_value": 0,
                    "settable_per_mesh": false,
                    "settable_per_extruder": true,
                    "settable_per_meshgroup": false,
                    "settable_globally": false
                },
                "extruder_prime_pos_z": {
                    "label": "Extruder Prime Z Position",
                    "description": "The Z coordinate of the position where the nozzle primes at the start of printing.",
                    "type": "float",
                    "unit": "mm",
                    "default_value": 0,
                    "minimum_value_warning": "0",
                    "maximum_value": "machine_height",
                    "settable_per_mesh": false,
                    "settable_per_extruder": true
                },
                "machine_extruder_cooling_fan_number": {
                    "label": "Extruder Print Cooling Fan",
                    "description": "The number of the print cooling fan associated with this extruder. Only change this from the default value of 0 when you have a different print cooling fan for each extruder.",
                    "type": "int",
                    "default_value": 0,
                    "minimum_value": "0",
                    "settable_per_mesh": false,
                    "settable_per_extruder": true,
                    "settable_per_meshgroup": false,
                    "setttable_globally": false
                }
            }
        },
        "platform_adhesion": {
            "label": "Build Plate Adhesion",
            "type": "category",
            "icon": "sticker",
            "description": "Adhesion",
            "children": {
                "extruder_prime_pos_x": {
                    "label": "Extruder Prime X Position",
                    "description": "The X coordinate of the position where the nozzle primes at the start of printing.",
                    "type": "float",
                    "unit": "mm",
                    "default_value": 0,
                    "minimum_value_warning": "machine_nozzle_offset_x",
                    "maximum_value": "machine_width",
                    "settable_per_mesh": false,
                    "settable_per_extruder": true,
                    "enabled": false
                },
                "extruder_prime_pos_y": {
                    "label": "Extruder Prime Y Position",
                    "description": "The Y coordinate of the position where the nozzle primes at the start of printing.",
                    "type": "float",
                    "unit": "mm",
                    "default_value": 0,
                    "minimum_value_warning": "machine_nozzle_offset_y",
                    "maximum_value_warning": "machine_depth",
                    "settable_per_mesh": false,
                    "settable_per_extruder": true,
                    "enabled": false
                }
            }
        },
        "material": {
            "label": "Material",
            "icon": "movie-roll",
            "description": "Material",
            "type": "category",
            "children": {
                "material_diameter": {
                    "label": "Diameter",
                    "description": "Adjusts the diameter of the filament used. Match this value with the diameter of the used filament.",
                    "unit": "mm",
                    "type": "float",
                    "default_value": 1.75,
                    "minimum_value": "0.0001",
                    "minimum_value_warning": "0.4",
                    "maximum_value_warning": "3.5",
                    "enabled": "machine_gcode_flavor != \"UltiGCode\"",
                    "settable_per_mesh": false,
                    "settable_per_extruder": true
                }
            }
        }
    }
}