{
    "version": 2,
    "name": "Stereotech 320",
    "inherits": "steprinter",
    "metadata": {
        "author": "Stereotech",
        "manufacturer": "Stereotech",
        "visible": true,
        "file_formats": "text/x-gcode",
        "platform": "stereotech_ste320_platform.obj",
        "platform_texture": "StereotechSte320backplate.png",
        "platform_offset": [
            0,
            0,
            -14
        ],
        "has_materials": true,
        "machine_extruder_trains": {
            "0": "stereotech_ste320_1st",
            "1": "stereotech_ste320_2nd"
        },
        "first_start_actions": [
            "DiscoverUM3Action"
        ],
        "supported_actions": [
            "DiscoverUM3Action"
        ]
    },
    "overrides": {
        "machine_name": {
            "default_value": "Stereotech 320"
        },
        "machine_width": {
            "default_value": 218
        },
        "machine_height": {
            "default_value": 200
        },
        "machine_depth": {
            "default_value": 210
        },
        "machine_center_is_zero": {
            "default_value": false
        },
        "machine_heated_bed": {
            "default_value": true
        },
        "machine_start_gcode": {
            "default_value": "G21 ;metric values\nG90 ;absolute positioning\nM82 ;set extruder to absolute mode\nM107 ;start with the fan off\nG28 ;homing\nG1 Z15.0 F9000 ;move the platform down 15mm\nT1 ;Switch to the 2nd extruder\nG92 E0 ;zero the extruded length\nG1 F200 E6 ;extrude 6 mm of feed stock\nG92 E0 ;zero the extruded length again\nG1 F200 E-2\nT0 ;Switch to the 1st extruder\nG92 E0 ;zero the extruded length\nG1 F200 E6 ;extrude 6 mm of feed stock\nG92 E0 ;zero the extruded length again"
        },
        "machine_middle_gcode": {
            "default_value": "G54\n"
        },
        "machine_end_gcode": {
            "default_value": "M104 T0 S0 ;1st extruder heater off\nM104 T1 S0 ;2nd extruder heater off\nM140 S0 ;heated bed heater off\nG91 ;relative positioning\nG1 E-1 F300  ;retract the filament a bit before lifting the nozzle, to release some of the pressure\nG1 Z+0.5 E-5 X-20 Y-20 F9000 ;move Z up a bit and retract filament even more\nG28 X0 Y0 ;move X/Y to min endstops, so the head is out of the way\nM84 ;steppers off\nG90 ;absolute positioning"
        },
        "machine_extruder_count": {
            "default_value": 2
        },
        "prime_tower_position_x": {
            "value": "190"
        },
        "prime_tower_position_y": {
            "value": "180"
        }
    }
}