{
    "version": 2,
    "name": "STE Printer 530 V5",
    "inherits": "steprinter_v5",
    "metadata": {
        "author": "Stereotech",
        "manufacturer": "Stereotech LLC.",
        "category": "Stereotech",
        "visible": false
    },
    "overrides": {
"machine_width": {
      "default_value": 315
    },
    "machine_height": {
      "default_value": 300,
      "value": "300 if resolveOrValue('printing_mode') in ['classic'] else 250"
    },
    "machine_depth": {
      "default_value": 300
    },
        "machine_disallowed_areas": {
      "default_value": [
        [
          [
            -157.5,
            150
          ],
          [
            -157.5,
            -150
          ],
          [
            -152.5,
            -150
          ],
          [
            -152.5,
            150
          ]
        ]
      ],
      "value": "[[[-157.5, 150],[ -157.5, -150],[ -152.5, -150],[-152.5, 150]]] if resolveOrValue('machine_shape') == 'rectangular' else []"
    }
    }
}