{
    "version": 2,
    "name": "STE Printer",
    "inherits": "fdmprinter",
    "metadata": {
        "author": "Stereotech",
        "manufacturer": "Stereotech LLC.",
        "category": "Stereotech",
        "visible": false
    },
    "overrides": {
        "machine_max_feedrate_e": {
            "default_value": 45
        },
        "machine_max_feedrate_x": {
            "default_value": 150
        },
        "machine_max_feedrate_y": {
            "default_value": 150
        },
        "machine_max_feedrate_z": {
            "default_value": 25
        },
        "machine_acceleration": {
            "default_value": 1000
        },
        "machine_max_acceleration_z": {
            "default_value": 200
        },
        "machine_max_jerk_xy": {
            "default_value": 1.58
        },
        "machine_max_jerk_z": {
            "default_value": 0.7
        },
        "material_print_temperature": {
            "minimum_value": "0"
        },
        "material_bed_temperature": {
            "minimum_value": "0"
        },
        "material_standby_temperature": {
            "minimum_value": "0"
        },
        "extruder_prime_pos_y": {
            "minimum_value": "0",
            "maximum_value": "machine_depth"
        },
        "extruder_prime_pos_x": {
            "minimum_value": "0",
            "maximum_value": "machine_width"
        },
        "relative_extrusion": {
            "value": false,
            "enabled": false
        },
        "retraction_amount": {
            "default_value": 1.5
        },
        "machine_head_with_fans_polygon": {
            "default_value": [
                [
                    -29,
                    22
                ],
                [
                    -29,
                    -20
                ],
                [
                    27,
                    22
                ],
                [
                    27,
                    -20
                ]
            ]
        },
        "gantry_height": {
            "value": "25"
        },
        "machine_use_extruder_offset_to_offset_coords": {
            "default_value": true
        },
        "machine_gcode_flavor": {
            "default_value": "RepRap (Marlin/Sprinter)"
        },
        "switch_extruder_retraction_amount": {
            "value": "4"
        },
        "machine_a_axis_divider": {
            "value": 1.5
        },
        "machine_c_axis_divider": {
            "value": 3
        }
    }
}