{
    "version": 2,
    "name": "STE Printer 520 V5",
    "inherits": "steprinter_v5",
    "metadata": {
        "author": "Stereotech",
        "manufacturer": "Stereotech LLC.",
        "category": "Stereotech",
        "visible": false
    },
    "overrides": {
        "machine_width": {
            "default_value": 210
        },
        "machine_height": {
            "default_value": 200,
            "value": "200 if resolveOrValue('printing_mode') in ['classic'] else 180"
        },
        "machine_depth": {
            "default_value": 205
        },
        "machine_disallowed_areas": {
            "default_value": [
                [
                    [
                        -105,
                        102.5
                    ],
                    [
                        -105,
                        -102.5
                    ],
                    [
                        -94,
                        -102.5
                    ],
                    [
                        -94,
                        102.5
                    ]
                ],
                [
                    [
                        104,
                        102.5
                    ],
                    [
                        104,
                        -102.5
                    ],
                    [
                        105,
                        -102.5
                    ],
                    [
                        105,
                        102.5
                    ]
                ],
                [
                    [
                        -105,
                        102.5
                    ],
                    [
                        -105,
                        100
                    ],
                    [
                        105,
                        100
                    ],
                    [
                        105,
                        102.5
                    ]
                ],
                [
                    [
                        -105,
                        -102.5
                    ],
                    [
                        -105,
                        -100
                    ],
                    [
                        105,
                        -100
                    ],
                    [
                        105,
                        -102.5
                    ]
                ]
            ],
            "value": "[[[-105,102.5],[-105,-102.5],[-94,-102.5],[-94,102.5]],[[104,102.5],[104,-102.5],[105,-102.5],[105,102.5]],[[-105,102.5],[-105,100],[105,100],[105,102.5]],[[-105,-102.5],[-105,-100],[105,-100],[105,-102.5]]] if resolveOrValue('rectangular') else []"
        }
    }
}